{
    "rouge1": 0.4493252232435512,
    "rouge2": 0.15729867274347784,
    "rougeL": 0.2980489835038875,
    "rougeLsum": 0.4017719803020834
}