{
    "rouge1": 0.43185842112481676,
    "rouge2": 0.16046005208108335,
    "rougeL": 0.2864256540673821,
    "rougeLsum": 0.39553077371276535
}