{
    "rouge1": 0.4395924718055457,
    "rouge2": 0.15325045722311448,
    "rougeL": 0.28732196923331055,
    "rougeLsum": 0.40406361103129573
}