{
    "rouge1": 0.33559384404243453,
    "rouge2": 0.13305270094272942,
    "rougeL": 0.23756469580385664,
    "rougeLsum": 0.29972294907342134
}