{
    "rouge1": 0.32327973954587164,
    "rouge2": 0.12708919180492648,
    "rougeL": 0.22716851815823041,
    "rougeLsum": 0.2927990998469113
}