{
    "rouge1": 0.3178839030599471,
    "rouge2": 0.12085897515300151,
    "rougeL": 0.22770177052576313,
    "rougeLsum": 0.28760102307959245
}